{
    "accuracy": 0.7825795644891123,
    "precision_macro": 0.766375804250279,
    "recall_macro": 0.6695430336874854,
    "f1_score_macro": 0.7030015680959076
}